{
  "col": 4,
  "w1": [
    [
      0.0011971650690006668,
      0.004534475644382518,
      -0.006149381735964838,
      -0.002867188986780903,
      0.00213915936690525,
      0.0062958697415495864,
      0.011203875330293453,
      0.0068736365419124895
    ],
    [
      -0.0052370801404245165,
      0.01283859834257217,
      0.0032861930698846464,
      -0.003918060343392463,
      0.012703649615382787,
      -0.0030149892212275676,
      0.017996509826655342,
      -0.0009577714345067724
    ],
    [
      0.030693839870862633,
      -0.025174505675514724,
      0.10331550665561146,
      -0.20357034718377673,
      -0.23956539623728787,
      -0.21016397769043926,
      0.09101294386597585,
      0.12811129935227297
    ],
    [
      0.009905115652648743,
      -0.006974647296438354,
      0.04393857449931625,
      -0.1102251374441143,
      -0.10771249144633581,
      -0.09413569137224416,
      0.037554585551814935,
      0.07027370251988406
    ],
    [
      0.011274771854765865,
      -0.0011604571390687554,
      -0.006189418620526524,
      0.0012402386564883507,
      -0.00025482829782665035,
      0.0016922021440381576,
      0.013495807442799861,
      -0.004460645690310517
    ]
  ],
  "w2": [
    [
      0.0315629604687707
    ],
    [
      -0.025862635809474382
    ],
    [
      0.11151683673234114
    ],
    [
      -0.23660060048378193
    ],
    [
      -0.26858636354503423
    ],
    [
      -0.23312242869849034
    ],
    [
      0.09987153960200823
    ],
    [
      0.14638067947529587
    ]
  ]
}