{
  "col": 4,
  "w1": [
    [
      0.009529240273770466,
      0.00023361353070543354,
      0.00996058940976911,
      -0.009529240222679668,
      0.010265552835772674,
      0.010512055103773236,
      -0.010613533027055557,
      -0.01026555281917993
    ],
    [
      0.015080870384645154,
      -0.10973668189013404,
      0.015162803533335234,
      -0.015080870143292811,
      -0.022111672834993223,
      -0.17186807056952189,
      0.03787581183990777,
      0.022111672913347286
    ],
    [
      0.1634596321991173,
      -1.0689471080587025,
      0.06033500647820582,
      -0.16345963080198936,
      -0.13121177344825674,
      -1.5650369512173627,
      0.28901622628368867,
      0.13121177390168004
    ],
    [
      0.18468681829411013,
      -1.1298231978030937,
      0.04724870074100102,
      -0.18468680879942145,
      -0.13682726730902964,
      -1.691557856179039,
      0.32324614666917795,
      0.13682727038965378
    ],
    [
      0.022988138732161534,
      -0.22038688449932273,
      0.0033325889374384307,
      -0.02298812921364462,
      -0.017170826507747233,
      -0.31953615833644006,
      0.05928506372052694,
      0.017170829596185013
    ]
  ],
  "w2": [
    [
      0.24756963389696068
    ],
    [
      -1.574317197118923
    ],
    [
      0.07617473115477978
    ],
    [
      -0.24756963418236597
    ],
    [
      -0.19098198075992023
    ],
    [
      -2.3336819964816913
    ],
    [
      0.43879473366877014
    ],
    [
      0.19098198066636413
    ]
  ]
}