{
  "col": 4,
  "w1": [
    [
      -0.14869325024079286,
      -0.10562741877021561,
      -0.09237265907424332,
      0.02904042284974313,
      0.15277195763213816,
      0.08982105481827123,
      0.026201432579482563,
      -0.09574138645066793
    ],
    [
      -0.2667271801680771,
      -0.1546991712223507,
      -0.12325592826408652,
      0.06315527871165148,
      0.25714946336972966,
      0.1514832988629711,
      0.016209974743863074,
      -0.17106184657956486
    ],
    [
      -0.4254204304088982,
      -0.2503265899925789,
      -0.21562858733835422,
      0.1021957015614048,
      0.40992142100193674,
      0.2713043536812238,
      0.042411407323353426,
      -0.27680323303021775
    ],
    [
      -0.3118728180081974,
      -0.18306786547242299,
      -0.16570608656747496,
      0.06746025087266304,
      0.32205482316197664,
      0.20134757296296146,
      0.043364821762814275,
      -0.22397428388875
    ],
    [
      -0.08577101606205065,
      -0.05511803347316477,
      -0.02854537489457381,
      0.02767685618210543,
      0.06405057115444472,
      0.03700725296819039,
      0.007877211434024834,
      -0.050000413352080345
    ]
  ],
  "w2": [
    [
      -0.6154957406877609
    ],
    [
      -0.36626657526503054
    ],
    [
      -0.31356058191064334
    ],
    [
      0.14280697624893274
    ],
    [
      0.6043803313931178
    ],
    [
      0.3824768609466561
    ],
    [
      0.06626173793939388
    ],
    [
      -0.4094981681394266
    ]
  ]
}