{
  "col": 4,
  "w1": [
    [
      0.13015891130772733,
      0.2436038355296526,
      -0.1304436763885071,
      0.010329814882669602,
      0.2926321022917902,
      -0.2534510856417141,
      0.1303742573141921,
      -0.24360792707065118
    ],
    [
      -0.010384341791150335,
      0.00908807457517117,
      0.010385461827831908,
      -0.01000099311212458,
      0.008547363029982102,
      -0.009089787668653005,
      -0.010384768700224964,
      0.0009119568768441964
    ],
    [
      -0.13015891130772733,
      -0.26360383552964556,
      0.1304436763885071,
      0.009670185117330398,
      -0.30263210229179055,
      0.2534510856417141,
      -0.1303742573141921,
      0.26360792707064024
    ],
    [
      -0.009536796702442835,
      0.011024332852433582,
      -0.01046448800893539,
      0.010001226911160765,
      0.0014684060944474906,
      0.008977292910715827,
      0.010463762463470862,
      -0.0010243662257937082
    ],
    [
      0.009554511714616432,
      0.008995265274593567,
      -0.00955405777446102,
      -1.216736230078013e-06,
      -0.011562711578881632,
      0.0010030629681306521,
      -0.0004461653428862627,
      -0.008995293629353812
    ]
  ],
  "w2": [
    [
      0.1874131625851256
    ],
    [
      0.4081136043328366
    ],
    [
      -0.18789397440413755
    ],
    [
      0.0005118338985735399
    ],
    [
      0.5925277348490308
    ],
    [
      -0.40768992804629733
    ],
    [
      0.18781215168646032
    ],
    [
      -0.40811341240679966
    ]
  ]
}